Workbook

Sheet Dashboard
A1: BUSINESS KPI DASHBOARD
A2: Customer Churn • Interactive Excel Dashboard
A4: FILTERS
A5: Contract | B5: All | D5: Tenure | E5: All | G5: Payment Method | H5: All
A8: Customers | D8: Churn Rate | G8: Retention Rate | J8: Revenue at Risk / Month
A9: =SUMPRODUCT(((($B$5="All")+('Cleaned Data'!$I$2:$I$16=$B$5)>0)*(($E$5="All")+('Cleaned Data'!$E$2:$E$16=$E$5)>0)*(($H$5="All")+('Cleaned Data'!$K$2:$K$16=$H$5)>0))) | D9: =IFERROR(SUMPRODUCT(((($B$5="All")+('Cleaned Data'!$I$2:$I$16=$B$5)>0)*(($E$5="All")+('Cleaned Data'!$E$2:$E$16=$E$5)>0)*(($H$5="All")+('Cleaned Data'!$K$2:$K$16=$H$5)>0))*('Cleaned Data'!$L$2:$L$16="Yes"))/SUMPRODUCT(((($B$5="All")+('Cleaned Data'!$I$2:$I$16=$B$5)>0)*(($E$5="All")+('Cleaned Data'!$E$2:$E$16=$E$5)>0)*(($H$5="All")+('Cleaned Data'!$K$2:$K$16=$H$5)>0))),0) | G9: =1-IFERROR(SUMPRODUCT(((($B$5="All")+('Cleaned Data'!$I$2:$I$16=$B$5)>0)*(($E$5="All")+('Cleaned Data'!$E$2:$E$16=$E$5)>0)*(($H$5="All")+('Cleaned Data'!$K$2:$K$16=$H$5)>0))*('Cleaned Data'!$L$2:$L$16="Yes"))/SUMPRODUCT(((($B$5="All")+('Cleaned Data'!$I$2:$I$16=$B$5)>0)*(($E$5="All")+('Cleaned Data'!$E$2:$E$16=$E$5)>0)*(($H$5="All")+('Cleaned Data'!$K$2:$K$16=$H$5)>0))),0) | J9: =SUMPRODUCT(((($B$5="All")+('Cleaned Data'!$I$2:$I$16=$B$5)>0)*(($E$5="All")+('Cleaned Data'!$E$2:$E$16=$E$5)>0)*(($H$5="All")+('Cleaned Data'!$K$2:$K$16=$H$5)>0))*('Cleaned Data'!$L$2:$L$16="Yes")*'Cleaned Data'!$G$2:$G$16)
A11: Avg Tenure (Months) | D11: Avg Support Tickets | G11: Monthly Revenue | J11: Churned Customers
A12: =IFERROR(SUMPRODUCT(((($B$5="All")+('Cleaned Data'!$I$2:$I$16=$B$5)>0)*(($E$5="All")+('Cleaned Data'!$E$2:$E$16=$E$5)>0)*(($H$5="All")+('Cleaned Data'!$K$2:$K$16=$H$5)>0))*'Cleaned Data'!$D$2:$D$16)/SUMPRODUCT(((($B$5="All")+('Cleaned Data'!$I$2:$I$16=$B$5)>0)*(($E$5="All")+('Cleaned Data'!$E$2:$E$16=$E$5)>0)*(($H$5="All")+('Cleaned Data'!$K$2:$K$16=$H$5)>0))),0) | D12: =IFERROR(SUMPRODUCT(((($B$5="All")+('Cleaned Data'!$I$2:$I$16=$B$5)>0)*(($E$5="All")+('Cleaned Data'!$E$2:$E$16=$E$5)>0)*(($H$5="All")+('Cleaned Data'!$K$2:$K$16=$H$5)>0))*'Cleaned Data'!$J$2:$J$16)/SUMPRODUCT(((($B$5="All")+('Cleaned Data'!$I$2:$I$16=$B$5)>0)*(($E$5="All")+('Cleaned Data'!$E$2:$E$16=$E$5)>0)*(($H$5="All")+('Cleaned Data'!$K$2:$K$16=$H$5)>0))),0) | G12: =SUMPRODUCT(((($B$5="All")+('Cleaned Data'!$I$2:$I$16=$B$5)>0)*(($E$5="All")+('Cleaned Data'!$E$2:$E$16=$E$5)>0)*(($H$5="All")+('Cleaned Data'!$K$2:$K$16=$H$5)>0))*'Cleaned Data'!$G$2:$G$16) | J12: =SUMPRODUCT(((($B$5="All")+('Cleaned Data'!$I$2:$I$16=$B$5)>0)*(($E$5="All")+('Cleaned Data'!$E$2:$E$16=$E$5)>0)*(($H$5="All")+('Cleaned Data'!$K$2:$K$16=$H$5)>0))*('Cleaned Data'!$L$2:$L$16="Yes"))
A14: KEY INSIGHTS
A15: • Month-to-month contracts show the highest churn in this sample.
A16: • Churned customers have shorter average tenure and more support tickets than retained customers.
A17: • Revenue at risk is measured as monthly charges from currently churned customers.
A18: • Use the filters above to inspect contract, tenure-band, and payment-method segments.
A51: Source: customer_churn_sample.csv • 15-record sample • Descriptive analysis only

Sheet Cleaned Data
A1: CustomerID | B1: Gender | C1: Age | D1: TenureMonths | E1: TenureBand | F1: SubscriptionType | G1: MonthlyCharges | H1: TotalCharges | I1: ContractType | J1: SupportTickets | K1: PaymentMethod | L1: Churn | M1: ChurnFlag | N1: AtRiskMonthlyRevenue
A2: CUST-1001 | B2: Female | C2: 34 | D2: 12 | E2: 0–12 months | F2: Basic | G2: 49.99 | H2: 599.88 | I2: Month-to-Month | J2: 3 | K2: Credit Card | L2: Yes | M2: 1 | N2: 49.99
A3: CUST-1002 | B3: Male | C3: 45 | D3: 24 | E3: 13–24 months | F3: Pro | G3: 79.99 | H3: 1919.76 | I3: One Year | J3: 1 | K3: Bank Transfer | L3: No | M3: 0 | N3: 0
A4: CUST-1003 | B4: Female | C4: 29 | D4: 6 | E4: 0–12 months | F4: Basic | G4: 49.99 | H4: 299.94 | I4: Month-to-Month | J4: 5 | K4: UPI | L4: Yes | M4: 1 | N4: 49.99
A5: CUST-1004 | B5: Male | C5: 52 | D5: 36 | E5: 25+ months | F5: Enterprise | G5: 149.99 | H5: 5399.64 | I5: Two Year | J5: 0 | K5: Credit Card | L5: No | M5: 0 | N5: 0
A6: CUST-1005 | B6: Female | C6: 41 | D6: 8 | E6: 0–12 months | F6: Pro | G6: 79.99 | H6: 639.92 | I6: Month-to-Month | J6: 4 | K6: Debit Card | L6: Yes | M6: 1 | N6: 79.99
A7: CUST-1006 | B7: Male | C7: 31 | D7: 18 | E7: 13–24 months | F7: Basic | G7: 49.99 | H7: 899.82 | I7: One Year | J7: 2 | K7: UPI | L7: No | M7: 0 | N7: 0
A8: CUST-1007 | B8: Female | C8: 23 | D8: 3 | E8: 0–12 months | F8: Basic | G8: 49.99 | H8: 149.97 | I8: Month-to-Month | J8: 6 | K8: Credit Card | L8: Yes | M8: 1 | N8: 49.99
A9: CUST-1008 | B9: Male | C9: 60 | D9: 48 | E9: 25+ months | F9: Enterprise | G9: 149.99 | H9: 7199.52 | I9: Two Year | J9: 1 | K9: Bank Transfer | L9: No | M9: 0 | N9: 0
A10: CUST-1009 | B10: Female | C10: 38 | D10: 15 | E10: 13–24 months | F10: Pro | G10: 79.99 | H10: 1199.85 | I10: One Year | J10: 2 | K10: Credit Card | L10: No | M10: 0 | N10: 0
A11: CUST-1010 | B11: Male | C11: 27 | D11: 4 | E11: 0–12 months | F11: Basic | G11: 49.99 | H11: 199.96 | I11: Month-to-Month | J11: 4 | K11: UPI | L11: Yes | M11: 1 | N11: 49.99
A12: CUST-1011 | B12: Female | C12: 49 | D12: 30 | E12: 25+ months | F12: Enterprise | G12: 149.99 | H12: 4499.7 | I12: Two Year | J12: 0 | K12: Credit Card | L12: No | M12: 0 | N12: 0
A13: CUST-1012 | B13: Male | C13: 33 | D13: 14 | E13: 13–24 months | F13: Pro | G13: 79.99 | H13: 1119.86 | I13: Month-to-Month | J13: 3 | K13: Debit Card | L13: Yes | M13: 1 | N13: 79.99
... A16: CUST-1015 | B16: Female | C16: 43 | D16: 40 | E16: 25+ months | F16: Enterprise | G16: 149.99 | H16: 5999.6 | I16: Two Year | J16: 1 | K16: Credit Card | L16: No | M16: 0 | N16: 0

Sheet Dashboard Data
A1: Contract | B1: Customers | C1: Churned | D1: Churn Rate | E1: Revenue at Risk | G1: Payment Method | H1: Customers | I1: Churned | J1: Churn Rate | K1: Revenue at Risk
A2: Month-to-Month | B2: =COUNTIF('Cleaned Data'!$I$2:$I$16,A2) | C2: =COUNTIFS('Cleaned Data'!$I$2:$I$16,A2,'Cleaned Data'!$L$2:$L$16,"Yes") | D2: =IFERROR(C2/B2,0) | E2: =SUMIFS('Cleaned Data'!$G$2:$G$16,'Cleaned Data'!$I$2:$I$16,A2,'Cleaned Data'!$L$2:$L$16,"Yes") | G2: Credit Card | H2: =COUNTIF('Cleaned Data'!$K$2:$K$16,G2) | I2: =COUNTIFS('Cleaned Data'!$K$2:$K$16,G2,'Cleaned Data'!$L$2:$L$16,"Yes") | J2: =IFERROR(I2/H2,0) | K2: =SUMIFS('Cleaned Data'!$G$2:$G$16,'Cleaned Data'!$K$2:$K$16,G2,'Cleaned Data'!$L$2:$L$16,"Yes")
A3: One Year | B3: =COUNTIF('Cleaned Data'!$I$2:$I$16,A3) | C3: =COUNTIFS('Cleaned Data'!$I$2:$I$16,A3,'Cleaned Data'!$L$2:$L$16,"Yes") | D3: =IFERROR(C3/B3,0) | E3: =SUMIFS('Cleaned Data'!$G$2:$G$16,'Cleaned Data'!$I$2:$I$16,A3,'Cleaned Data'!$L$2:$L$16,"Yes") | G3: Bank Transfer | H3: =COUNTIF('Cleaned Data'!$K$2:$K$16,G3) | I3: =COUNTIFS('Cleaned Data'!$K$2:$K$16,G3,'Cleaned Data'!$L$2:$L$16,"Yes") | J3: =IFERROR(I3/H3,0) | K3: =SUMIFS('Cleaned Data'!$G$2:$G$16,'Cleaned Data'!$K$2:$K$16,G3,'Cleaned Data'!$L$2:$L$16,"Yes")
A4: Two Year | B4: =COUNTIF('Cleaned Data'!$I$2:$I$16,A4) | C4: =COUNTIFS('Cleaned Data'!$I$2:$I$16,A4,'Cleaned Data'!$L$2:$L$16,"Yes") | D4: =IFERROR(C4/B4,0) | E4: =SUMIFS('Cleaned Data'!$G$2:$G$16,'Cleaned Data'!$I$2:$I$16,A4,'Cleaned Data'!$L$2:$L$16,"Yes") | G4: UPI | H4: =COUNTIF('Cleaned Data'!$K$2:$K$16,G4) | I4: =COUNTIFS('Cleaned Data'!$K$2:$K$16,G4,'Cleaned Data'!$L$2:$L$16,"Yes") | J4: =IFERROR(I4/H4,0) | K4: =SUMIFS('Cleaned Data'!$G$2:$G$16,'Cleaned Data'!$K$2:$K$16,G4,'Cleaned Data'!$L$2:$L$16,"Yes")
G5: Debit Card | H5: =COUNTIF('Cleaned Data'!$K$2:$K$16,G5) | I5: =COUNTIFS('Cleaned Data'!$K$2:$K$16,G5,'Cleaned Data'!$L$2:$L$16,"Yes") | J5: =IFERROR(I5/H5,0) | K5: =SUMIFS('Cleaned Data'!$G$2:$G$16,'Cleaned Data'!$K$2:$K$16,G5,'Cleaned Data'!$L$2:$L$16,"Yes")
A7: Tenure Band | B7: Customers | C7: Churned | D7: Churn Rate
A8: 0–12 months | B8: =COUNTIF('Cleaned Data'!$E$2:$E$16,A8) | C8: =COUNTIFS('Cleaned Data'!$E$2:$E$16,A8,'Cleaned Data'!$L$2:$L$16,"Yes") | D8: =IFERROR(C8/B8,0)
A9: 13–24 months | B9: =COUNTIF('Cleaned Data'!$E$2:$E$16,A9) | C9: =COUNTIFS('Cleaned Data'!$E$2:$E$16,A9,'Cleaned Data'!$L$2:$L$16,"Yes") | D9: =IFERROR(C9/B9,0)
A10: 25+ months | B10: =COUNTIF('Cleaned Data'!$E$2:$E$16,A10) | C10: =COUNTIFS('Cleaned Data'!$E$2:$E$16,A10,'Cleaned Data'!$L$2:$L$16,"Yes") | D10: =IFERROR(C10/B10,0)

Sheet README
A1: Business KPI Dashboard — Customer Churn
A3: Purpose | B3: Interactive dashboard for churn, retention, revenue risk, and customer segments.
A4: Source | B4: customer_churn_sample.csv (15 customer records)
A6: KPI definitions
A7: Churn Rate | B7: Churned customers ÷ customers in selected filter context.
A8: Retention Rate | B8: 1 − churn rate; customers retained ÷ total customers.
A9: Revenue at Risk | B9: Sum of MonthlyCharges for customers who have Churn = Yes in selected filter context. This represents monthly recurring revenue associated with churned customers.
A10: Average Tenure | B10: Average TenureMonths for customers in selected filter context.
A11: Customer Count | B11: Number of customers in selected filter context.
A14: Filter design | B14: Contract: All / Month-to-Month / One Year / Two Year; Tenure: All / 0–12 / 13–24 / 25+ months; Payment: All / Credit Card / Bank Transfer / UPI / Debit Card.
A16: Data quality | B16: No missing values, duplicate rows, duplicate CustomerIDs, invalid categories, negative numeric values, or TotalCharges calculation mismatches were found in this sample.
A18: Important limitation | B18: The dataset has only 15 records. Patterns are descriptive for this sample and should not be treated as population-level conclusions.
A20: How to use | B20: Change the three purple filter cells on the Dashboard. KPI cards update automatically. Charts show segment-level churn patterns for the full sample.
A22: Submission | B22: Submit the public/view-only link to the repository containing this workbook and supporting files.
